{"accuracy": 0.5819672131147541, "f1": 0.3678756476683938, "verifiability": 0.00819672131147541}