{"accuracy": 0.9831967213114754, "f1": 0.33198070542285296, "accuracy_0": 0.9944797591167615, "f1_0": 0.5640589639923902, "accuracy_1": 0.9829374372699899, "f1_1": 0.6303076916691489, "accuracy_2": 0.9981599197055872, "f1_2": 0.4114995242329231, "accuracy_3": 0.998327199732352, "f1_3": 0.33305429990512864, "accuracy_4": 0.9984944797591168, "f1_4": 0.3330822242682961, "accuracy_5": 0.9780026764804283, "f1_5": 0.3128512999664339, "accuracy_6": 0.9571763131482101, "f1_6": 0.6908618760241964, "accuracy_7": 0.9964871194379391, "f1_7": 0.3327468230694037, "accuracy_8": 0.9843593174974908, "f1_8": 0.4240573096404623, "accuracy_9": 0.9100869856139177, "f1_9": 0.40103871632382176, "accuracy_10": 0.9936433589829374, "f1_10": 0.5276697733260599, "accuracy_11": 0.9976580796252927, "f1_11": 0.38849804578447794, "accuracy_12": 0.9856975577116093, "f1_12": 0.6565994551273597, "accuracy_13": 0.9915523586483774, "f1_13": 0.3319194209958982, "accuracy_14": 0.9933087989294078, "f1_14": 0.40473303334891697, "accuracy_15": 0.9853629976580797, "f1_15": 0.38647118907724454, "accuracy_16": 0.9861157577785212, "f1_16": 0.4598403998163186, "accuracy_17": 0.9422047507527601, "f1_17": 0.33468738631819334, "accuracy_18": 0.9994981599197056, "f1_18": 0.33324967232772806, "accuracy_19": 0.9903813984610238, "f1_19": 0.5007211689130429}