{"accuracy": 0.9839243894279023, "f1": 0.32049876829371365, "accuracy_0": 0.9944797591167615, "f1_0": 0.5640589639923902, "accuracy_1": 0.9821846771495484, "f1_1": 0.6286520467621243, "accuracy_2": 0.9989126798260288, "f1_2": 0.594021443279449, "accuracy_3": 0.9980762796922048, "f1_3": 0.333012404593467, "accuracy_4": 0.9984944797591168, "f1_4": 0.3330822242682961, "accuracy_5": 0.9783372365339579, "f1_5": 0.3088421108813554, "accuracy_6": 0.9585145533623285, "f1_6": 0.6150487759741002, "accuracy_7": 0.9964871194379391, "f1_7": 0.4994409034999441, "accuracy_8": 0.9872030779524925, "f1_8": 0.5639946417645897, "accuracy_9": 0.9171963867514219, "f1_9": 0.49722253245931985, "accuracy_10": 0.993977919036467, "f1_10": 0.5094070755510685, "accuracy_11": 0.9973235195717631, "f1_11": 0.33291453778931795, "accuracy_12": 0.988541318166611, "f1_12": 0.672891457305255, "accuracy_13": 0.9905486784877886, "f1_13": 0.3448222631491485, "accuracy_14": 0.9926396788223486, "f1_14": 0.38832582777806673, "accuracy_15": 0.9851120776179324, "f1_15": 0.4921824861943591, "accuracy_16": 0.9868685178989629, "f1_16": 0.5274740875805649, "accuracy_17": 0.9423720307795249, "f1_17": 0.3347488985842295, "accuracy_18": 0.9994981599197056, "f1_18": 0.4998745084915921, "accuracy_19": 0.9917196386751422, "f1_19": 0.47106083078638766}