{"accuracy": 0.7264957264957265, "f1": 0.4207920792079208, "verifiability": 0.02564102564102564, "consistency": 0.19658119658119658}