{"accuracy": 0.9162763466042154, "f1": 0.5393699822155669}